---inserting Hospital Management System data---
---Insert Departments---
INSERT INTO departments (department_name, location) 
VALUES
('Cardiology','Block A'),
('Neurology','Block B'),
('Orthopedics','Block C'),
('Pediatrics','Block D'),
('General Medicine','Block E');
SELECT * FROM departments;
---Insert Doctors---
INSERT INTO doctors (first_name,last_name,specialization,phone,email,department_id) 
VALUES
('Arun','Kumar','Cardiologist','9000000001','arun1@hospital.com',1),
('Priya','Rao','Neurologist','9000000002','priya2@hospital.com',2),
('Vikram','Shah','Orthopedic','9000000003','vikram3@hospital.com',3),
('Anita','Reddy','Pediatrician','9000000004','anita4@hospital.com',4),
('Suresh','Patel','Physician','9000000005','suresh5@hospital.com',5),
('Meena','Das','Cardiologist','9000000006','meena6@hospital.com',1),
('Rahul','Nair','Neurologist','9000000007','rahul7@hospital.com',2),
('Kiran','Singh','Orthopedic','9000000008','kiran8@hospital.com',3),
('Divya','Joshi','Pediatrician','9000000009','divya9@hospital.com',4),
('Ramesh','Iyer','Physician','9000000010','ramesh10@hospital.com',5);
SELECT * FROM doctors;
---Insert Patients---
INSERT INTO patients (first_name,last_name,gender,date_of_birth,phone,email,address,blood_group) 
VALUES
('Patient1','Test','Male','1995-01-02','8000000001','patient1@mail.com','Address 1','O+'),
('Patient2','Test','Male','1995-01-03','8000000002','patient2@mail.com','Address 2','O+'),
('Patient3','Test','Male','1995-01-04','8000000003','patient3@mail.com','Address 3','O+'),
('Patient4','Test','Male','1995-01-05','8000000004','patient4@mail.com','Address 4','O+'),
('Patient5','Test','Male','1995-01-06','8000000005','patient5@mail.com','Address 5','O+'),
('Patient6','Test','Male','1995-01-07','8000000006','patient6@mail.com','Address 6','O+'),
('Patient7','Test','Male','1995-01-08','8000000007','patient7@mail.com','Address 7','O+'),
('Patient8','Test','Male','1995-01-09','8000000008','patient8@mail.com','Address 8','O+'),
('Patient9','Test','Male','1995-01-10','8000000009','patient9@mail.com','Address 9','O+'),
('Patient10','Test','Male','1995-01-11','8000000010','patient10@mail.com','Address 10','O+'),
('Patient11','Test','Male','1995-01-12','8000000011','patient11@mail.com','Address 11','O+'),
('Patient12','Test','Male','1995-01-13','8000000012','patient12@mail.com','Address 12','O+'),
('Patient13','Test','Male','1995-01-14','8000000013','patient13@mail.com','Address 13','O+'),
('Patient14','Test','Male','1995-01-15','8000000014','patient14@mail.com','Address 14','O+'),
('Patient15','Test','Male','1995-01-16','8000000015','patient15@mail.com','Address 15','O+'),
('Patient16','Test','Male','1995-01-17','8000000016','patient16@mail.com','Address 16','O+'),
('Patient17','Test','Male','1995-01-18','8000000017','patient17@mail.com','Address 17','O+'),
('Patient18','Test','Male','1995-01-19','8000000018','patient18@mail.com','Address 18','O+'),
('Patient19','Test','Male','1995-01-20','8000000019','patient19@mail.com','Address 19','O+'),
('Patient20','Test','Male','1995-01-21','8000000020','patient20@mail.com','Address 20','O+'),
('Patient21','Test','Male','1995-01-22','8000000021','patient21@mail.com','Address 21','O+'),
('Patient22','Test','Male','1995-01-23','8000000022','patient22@mail.com','Address 22','O+'),
('Patient23','Test','Male','1995-01-24','8000000023','patient23@mail.com','Address 23','O+'),
('Patient24','Test','Male','1995-01-25','8000000024','patient24@mail.com','Address 24','O+'),
('Patient25','Test','Male','1995-01-26','8000000025','patient25@mail.com','Address 25','O+'),
('Patient26','Test','Male','1995-01-27','8000000026','patient26@mail.com','Address 26','O+'),
('Patient27','Test','Male','1995-01-28','8000000027','patient27@mail.com','Address 27','O+'),
('Patient28','Test','Male','1995-01-01','8000000028','patient28@mail.com','Address 28','O+'),
('Patient29','Test','Male','1995-01-02','8000000029','patient29@mail.com','Address 29','O+'),
('Patient30','Test','Male','1995-01-03','8000000030','patient30@mail.com','Address 30','O+');
SELECT * FROM patients;
---Insert Appointments---
INSERT INTO appointments (patient_id,doctor_id,appointment_date,appointment_time,status) VALUES
(1,1,'2026-01-02','10:00:00','Completed'),
(2,2,'2026-01-03','10:00:00','Completed'),
(3,3,'2026-01-04','10:00:00','Completed'),
(4,4,'2026-01-05','10:00:00','Completed'),
(5,5,'2026-01-06','10:00:00','Completed'),
(6,6,'2026-01-07','10:00:00','Completed'),
(7,7,'2026-01-08','10:00:00','Completed'),
(8,8,'2026-01-09','10:00:00','Completed'),
(9,9,'2026-01-10','10:00:00','Completed'),
(10,10,'2026-01-11','10:00:00','Completed'),
(11,1,'2026-01-12','10:00:00','Completed'),
(12,2,'2026-01-13','10:00:00','Completed'),
(13,3,'2026-01-14','10:00:00','Completed'),
(14,4,'2026-01-15','10:00:00','Completed'),
(15,5,'2026-01-16','10:00:00','Completed'),
(16,6,'2026-01-17','10:00:00','Completed'),
(17,7,'2026-01-18','10:00:00','Completed'),
(18,8,'2026-01-19','10:00:00','Completed'),
(19,9,'2026-01-20','10:00:00','Completed'),
(20,10,'2026-01-21','10:00:00','Completed'),
(21,1,'2026-01-22','10:00:00','Completed'),
(22,2,'2026-01-23','10:00:00','Completed'),
(23,3,'2026-01-24','10:00:00','Completed'),
(24,4,'2026-01-25','10:00:00','Completed'),
(25,5,'2026-01-26','10:00:00','Completed'),
(26,6,'2026-01-27','10:00:00','Completed'),
(27,7,'2026-01-28','10:00:00','Completed'),
(28,8,'2026-01-01','10:00:00','Completed'),
(29,9,'2026-01-02','10:00:00','Completed'),
(30,10,'2026-01-03','10:00:00','Completed'),
(1,1,'2026-01-04','10:00:00','Completed'),
(2,2,'2026-01-05','10:00:00','Completed'),
(3,3,'2026-01-06','10:00:00','Completed'),
(4,4,'2026-01-07','10:00:00','Completed'),
(5,5,'2026-01-08','10:00:00','Completed'),
(6,6,'2026-01-09','10:00:00','Completed'),
(7,7,'2026-01-10','10:00:00','Completed'),
(8,8,'2026-01-11','10:00:00','Completed'),
(9,9,'2026-01-12','10:00:00','Completed'),
(10,10,'2026-01-13','10:00:00','Completed'),
(11,1,'2026-01-14','10:00:00','Completed'),
(12,2,'2026-01-15','10:00:00','Completed'),
(13,3,'2026-01-16','10:00:00','Completed'),
(14,4,'2026-01-17','10:00:00','Completed'),
(15,5,'2026-01-18','10:00:00','Completed'),
(16,6,'2026-01-19','10:00:00','Completed'),
(17,7,'2026-01-20','10:00:00','Completed'),
(18,8,'2026-01-21','10:00:00','Completed'),
(19,9,'2026-01-22','10:00:00','Completed'),
(20,10,'2026-01-23','10:00:00','Completed');
SELECT * FROM appointments;
---Insert Appointments---
INSERT INTO treatments (appointment_id,diagnosis,treatment_details,treatment_cost) VALUES
(1,'Diagnosis 1','Treatment details 1',1050),
(2,'Diagnosis 2','Treatment details 2',1100),
(3,'Diagnosis 3','Treatment details 3',1150),
(4,'Diagnosis 4','Treatment details 4',1200),
(5,'Diagnosis 5','Treatment details 5',1250),
(6,'Diagnosis 6','Treatment details 6',1300),
(7,'Diagnosis 7','Treatment details 7',1350),
(8,'Diagnosis 8','Treatment details 8',1400),
(9,'Diagnosis 9','Treatment details 9',1450),
(10,'Diagnosis 10','Treatment details 10',1500),
(11,'Diagnosis 11','Treatment details 11',1550),
(12,'Diagnosis 12','Treatment details 12',1600),
(13,'Diagnosis 13','Treatment details 13',1650),
(14,'Diagnosis 14','Treatment details 14',1700),
(15,'Diagnosis 15','Treatment details 15',1750),
(16,'Diagnosis 16','Treatment details 16',1800),
(17,'Diagnosis 17','Treatment details 17',1850),
(18,'Diagnosis 18','Treatment details 18',1900),
(19,'Diagnosis 19','Treatment details 19',1950),
(20,'Diagnosis 20','Treatment details 20',2000),
(21,'Diagnosis 21','Treatment details 21',2050),
(22,'Diagnosis 22','Treatment details 22',2100),
(23,'Diagnosis 23','Treatment details 23',2150),
(24,'Diagnosis 24','Treatment details 24',2200),
(25,'Diagnosis 25','Treatment details 25',2250),
(26,'Diagnosis 26','Treatment details 26',2300),
(27,'Diagnosis 27','Treatment details 27',2350),
(28,'Diagnosis 28','Treatment details 28',2400),
(29,'Diagnosis 29','Treatment details 29',2450),
(30,'Diagnosis 30','Treatment details 30',2500),
(31,'Diagnosis 31','Treatment details 31',2550),
(32,'Diagnosis 32','Treatment details 32',2600),
(33,'Diagnosis 33','Treatment details 33',2650),
(34,'Diagnosis 34','Treatment details 34',2700),
(35,'Diagnosis 35','Treatment details 35',2750),
(36,'Diagnosis 36','Treatment details 36',2800),
(37,'Diagnosis 37','Treatment details 37',2850),
(38,'Diagnosis 38','Treatment details 38',2900),
(39,'Diagnosis 39','Treatment details 39',2950),
(40,'Diagnosis 40','Treatment details 40',3000),
(41,'Diagnosis 41','Treatment details 41',3050),
(42,'Diagnosis 42','Treatment details 42',3100),
(43,'Diagnosis 43','Treatment details 43',3150),
(44,'Diagnosis 44','Treatment details 44',3200),
(45,'Diagnosis 45','Treatment details 45',3250),
(46,'Diagnosis 46','Treatment details 46',3300),
(47,'Diagnosis 47','Treatment details 47',3350),
(48,'Diagnosis 48','Treatment details 48',3400),
(49,'Diagnosis 49','Treatment details 49',3450),
(50,'Diagnosis 50','Treatment details 50',3500);
SELECT * FROM treatments;
---Insert Bills---
INSERT INTO bills (patient_id,treatment_id,bill_date,total_amount,payment_status) VALUES
(1,1,'2026-01-02',1050,'Paid'),
(2,2,'2026-01-03',1100,'Paid'),
(3,3,'2026-01-04',1150,'Paid'),
(4,4,'2026-01-05',1200,'Paid'),
(5,5,'2026-01-06',1250,'Paid'),
(6,6,'2026-01-07',1300,'Paid'),
(7,7,'2026-01-08',1350,'Paid'),
(8,8,'2026-01-09',1400,'Paid'),
(9,9,'2026-01-10',1450,'Paid'),
(10,10,'2026-01-11',1500,'Paid'),
(11,11,'2026-01-12',1550,'Paid'),
(12,12,'2026-01-13',1600,'Paid'),
(13,13,'2026-01-14',1650,'Paid'),
(14,14,'2026-01-15',1700,'Paid'),
(15,15,'2026-01-16',1750,'Paid'),
(16,16,'2026-01-17',1800,'Paid'),
(17,17,'2026-01-18',1850,'Paid'),
(18,18,'2026-01-19',1900,'Paid'),
(19,19,'2026-01-20',1950,'Paid'),
(20,20,'2026-01-21',2000,'Paid'),
(21,21,'2026-01-22',2050,'Paid'),
(22,22,'2026-01-23',2100,'Paid'),
(23,23,'2026-01-24',2150,'Paid'),
(24,24,'2026-01-25',2200,'Paid'),
(25,25,'2026-01-26',2250,'Paid'),
(26,26,'2026-01-27',2300,'Paid'),
(27,27,'2026-01-28',2350,'Paid'),
(28,28,'2026-01-01',2400,'Paid'),
(29,29,'2026-01-02',2450,'Paid'),
(30,30,'2026-01-03',2500,'Paid'),
(1,31,'2026-01-04',2550,'Paid'),
(2,32,'2026-01-05',2600,'Paid'),
(3,33,'2026-01-06',2650,'Paid'),
(4,34,'2026-01-07',2700,'Paid'),
(5,35,'2026-01-08',2750,'Paid'),
(6,36,'2026-01-09',2800,'Paid'),
(7,37,'2026-01-10',2850,'Paid'),
(8,38,'2026-01-11',2900,'Paid'),
(9,39,'2026-01-12',2950,'Paid'),
(10,40,'2026-01-13',3000,'Paid'),
(11,41,'2026-01-14',3050,'Paid'),
(12,42,'2026-01-15',3100,'Paid'),
(13,43,'2026-01-16',3150,'Paid'),
(14,44,'2026-01-17',3200,'Paid'),
(15,45,'2026-01-18',3250,'Paid'),
(16,46,'2026-01-19',3300,'Paid'),
(17,47,'2026-01-20',3350,'Paid'),
(18,48,'2026-01-21',3400,'Paid'),
(19,49,'2026-01-22',3450,'Paid'),
(20,50,'2026-01-23',3500,'Paid');
SELECT * FROM bills;
---Insert Medicines---
INSERT INTO medicines (medicine_name,manufacturer,price,stock_quantity) VALUES
('Medicine1','Pharma1',60,101),
('Medicine2','Pharma2',70,102),
('Medicine3','Pharma3',80,103),
('Medicine4','Pharma4',90,104),
('Medicine5','Pharma5',100,105),
('Medicine6','Pharma6',110,106),
('Medicine7','Pharma7',120,107),
('Medicine8','Pharma8',130,108),
('Medicine9','Pharma9',140,109),
('Medicine10','Pharma10',150,110),
('Medicine11','Pharma11',160,111),
('Medicine12','Pharma12',170,112),
('Medicine13','Pharma13',180,113),
('Medicine14','Pharma14',190,114),
('Medicine15','Pharma15',200,115),
('Medicine16','Pharma16',210,116),
('Medicine17','Pharma17',220,117),
('Medicine18','Pharma18',230,118),
('Medicine19','Pharma19',240,119),
('Medicine20','Pharma20',250,120);
SELECT * FROM medicines;
---Insert Prescriptions---
INSERT INTO prescriptions (treatment_id,medicine_id,dosage,duration,instructions) VALUES
(1,1,'1 tablet twice daily','5 days','After food'),
(2,2,'1 tablet twice daily','5 days','After food'),
(3,3,'1 tablet twice daily','5 days','After food'),
(4,4,'1 tablet twice daily','5 days','After food'),
(5,5,'1 tablet twice daily','5 days','After food'),
(6,6,'1 tablet twice daily','5 days','After food'),
(7,7,'1 tablet twice daily','5 days','After food'),
(8,8,'1 tablet twice daily','5 days','After food'),
(9,9,'1 tablet twice daily','5 days','After food'),
(10,10,'1 tablet twice daily','5 days','After food'),
(11,11,'1 tablet twice daily','5 days','After food'),
(12,12,'1 tablet twice daily','5 days','After food'),
(13,13,'1 tablet twice daily','5 days','After food'),
(14,14,'1 tablet twice daily','5 days','After food'),
(15,15,'1 tablet twice daily','5 days','After food'),
(16,16,'1 tablet twice daily','5 days','After food'),
(17,17,'1 tablet twice daily','5 days','After food'),
(18,18,'1 tablet twice daily','5 days','After food'),
(19,19,'1 tablet twice daily','5 days','After food'),
(20,20,'1 tablet twice daily','5 days','After food'),
(21,1,'1 tablet twice daily','5 days','After food'),
(22,2,'1 tablet twice daily','5 days','After food'),
(23,3,'1 tablet twice daily','5 days','After food'),
(24,4,'1 tablet twice daily','5 days','After food'),
(25,5,'1 tablet twice daily','5 days','After food'),
(26,6,'1 tablet twice daily','5 days','After food'),
(27,7,'1 tablet twice daily','5 days','After food'),
(28,8,'1 tablet twice daily','5 days','After food'),
(29,9,'1 tablet twice daily','5 days','After food'),
(30,10,'1 tablet twice daily','5 days','After food'),
(31,11,'1 tablet twice daily','5 days','After food'),
(32,12,'1 tablet twice daily','5 days','After food'),
(33,13,'1 tablet twice daily','5 days','After food'),
(34,14,'1 tablet twice daily','5 days','After food'),
(35,15,'1 tablet twice daily','5 days','After food'),
(36,16,'1 tablet twice daily','5 days','After food'),
(37,17,'1 tablet twice daily','5 days','After food'),
(38,18,'1 tablet twice daily','5 days','After food'),
(39,19,'1 tablet twice daily','5 days','After food'),
(40,20,'1 tablet twice daily','5 days','After food'),
(41,1,'1 tablet twice daily','5 days','After food'),
(42,2,'1 tablet twice daily','5 days','After food'),
(43,3,'1 tablet twice daily','5 days','After food'),
(44,4,'1 tablet twice daily','5 days','After food'),
(45,5,'1 tablet twice daily','5 days','After food'),
(46,6,'1 tablet twice daily','5 days','After food'),
(47,7,'1 tablet twice daily','5 days','After food'),
(48,8,'1 tablet twice daily','5 days','After food'),
(49,9,'1 tablet twice daily','5 days','After food'),
(50,10,'1 tablet twice daily','5 days','After food');
SELECT * FROM prescriptions;
